{"client_meta":{"background_color":{"r":0.11764705926179886,"g":0.11764705926179886,"b":0.11764705926179886,"a":1},"thumbnail_size":{"width":140,"height":400},"render_coordinates":{"x":-161.3765869140625,"y":-4385.16015625,"width":2929.37646484375,"height":8371.16015625}},"file_name":"Batch 9 Assignment Design","developer_related_links":[]}